{"cameraMode":{"drawMode":0,"name":"Shaded","section":"Shading Mode"},"sceneLighting":false,"audioPlay":false,"sceneViewState":{"m_AlwaysRefresh":false,"showFog":true,"showSkybox":false,"showFlares":true,"showImageEffects":true,"showParticleSystems":true,"showVisualEffectGraphs":true,"m_FxEnabled":true},"in2DMode":false,"pivot":{"x":14.844513893127442,"y":0.6640974879264832,"z":2.140139102935791},"rotation":{"x":-0.034802645444869998,"y":-0.0021010744385421278,"z":0.00007295185059774667,"w":-0.9993946552276611},"size":6.544434070587158,"orthographic":false}